-- phpMyAdmin SQL Dump
-- version 3.5.1
-- http://www.phpmyadmin.net
--
-- Хост: 127.0.0.1
-- Время создания: Май 05 2014 г., 12:49
-- Версия сервера: 5.5.25
-- Версия PHP: 5.2.12

SET SQL_MODE="NO_AUTO_VALUE_ON_ZERO";
SET time_zone = "+00:00";


/*!40101 SET @OLD_CHARACTER_SET_CLIENT=@@CHARACTER_SET_CLIENT */;
/*!40101 SET @OLD_CHARACTER_SET_RESULTS=@@CHARACTER_SET_RESULTS */;
/*!40101 SET @OLD_COLLATION_CONNECTION=@@COLLATION_CONNECTION */;
/*!40101 SET NAMES utf8 */;

--
-- База данных: `tsystems_trains`
--

-- --------------------------------------------------------

--
-- Структура таблицы `station`
--

CREATE TABLE IF NOT EXISTS `station` (
  `id` int(11) NOT NULL AUTO_INCREMENT,
  `name` varchar(50) NOT NULL,
  `lat` varchar(50) NOT NULL,
  `lng` varchar(50) NOT NULL,
  PRIMARY KEY (`id`)
) ENGINE=InnoDB  DEFAULT CHARSET=utf8 AUTO_INCREMENT=55 ;

--
-- Дамп данных таблицы `station`
--

INSERT INTO `station` (`id`, `name`, `lat`, `lng`) VALUES
(31, 'Saint-Petersburg', '59.9303180508549', '30.36169946193695'),
(32, 'Moscow', '55.775390311608135', '37.65510320663452'),
(33, 'Tver', '56.85872140000001', '35.917596499999945'),
(34, 'Minsk', '53.89125218626346', '27.551060914993286'),
(35, 'Kiev', '50.431147961074544', '30.649280548095703'),
(36, 'Bologoe', '57.857173917769416', '34.1130530834198'),
(37, 'Rostov-Na-Donu', '47.2196409815195', '39.6925950050354'),
(38, 'Voronezh', '51.67932129307931', '39.20647144317627'),
(39, 'Brest', '52.10205039598161', '23.681352138519287'),
(40, 'Warszawa', '52.22819371704037', '21.00386381149292'),
(43, 'Tallin', '59.43696079999999', '24.75357459999998'),
(44, 'Berlin', '52.531613293332', '13.388439416885376'),
(45, 'Vilnus', '54.67047460478695', '25.28429388999939'),
(46, 'Riga', '56.947548963894235', '24.119410514831543'),
(48, 'Kaunas', '54.886802698321816', '23.93092632293701'),
(49, 'Helsinki', '60.170389311448496', '24.941840171813965'),
(50, 'Syktyvkar', '61.65839164761745', '50.79299211502075'),
(51, 'N. Novgorod', '56.32161691318965', '43.9467358588081'),
(52, 'Vitebsk', '55.1948317522712', '30.186907052884635'),
(53, 'Kazan`', '55.78878015921936', '49.10028934304137'),
(54, 'Ufa', '54.74782780651359', '55.949048995098565');

-- --------------------------------------------------------

--
-- Структура таблицы `ticket`
--

CREATE TABLE IF NOT EXISTS `ticket` (
  `id` int(11) NOT NULL AUTO_INCREMENT,
  `user_id` int(11) NOT NULL,
  `train_id` int(11) NOT NULL,
  `start_station_id` int(11) NOT NULL,
  `end_station_id` int(11) NOT NULL,
  PRIMARY KEY (`id`),
  KEY `user_id` (`user_id`)
) ENGINE=InnoDB  DEFAULT CHARSET=utf8 AUTO_INCREMENT=80 ;

--
-- Дамп данных таблицы `ticket`
--

INSERT INTO `ticket` (`id`, `user_id`, `train_id`, `start_station_id`, `end_station_id`) VALUES
(74, 7, 31, 32, 33),
(75, 7, 33, 37, 31),
(76, 1, 31, 32, 31),
(77, 7, 32, 32, 34),
(78, 8, 33, 37, 32),
(79, 7, 44, 32, 37);

-- --------------------------------------------------------

--
-- Структура таблицы `timetable`
--

CREATE TABLE IF NOT EXISTS `timetable` (
  `id` int(11) NOT NULL AUTO_INCREMENT,
  `station_id` int(11) NOT NULL,
  `train_id` int(11) NOT NULL,
  `date` date NOT NULL,
  `time_arrive` time NOT NULL,
  `time_departure` time NOT NULL,
  `vacancies` int(11) NOT NULL,
  `number_sequence` int(11) NOT NULL,
  PRIMARY KEY (`id`)
) ENGINE=InnoDB  DEFAULT CHARSET=utf8 AUTO_INCREMENT=119 ;

--
-- Дамп данных таблицы `timetable`
--

INSERT INTO `timetable` (`id`, `station_id`, `train_id`, `date`, `time_arrive`, `time_departure`, `vacancies`, `number_sequence`) VALUES
(67, 32, 31, '2014-05-06', '10:15:00', '10:15:00', 198, 1),
(68, 33, 31, '2014-05-06', '11:20:00', '11:25:00', 199, 2),
(69, 31, 31, '2014-05-06', '13:50:00', '13:50:00', 200, 3),
(70, 32, 32, '2014-05-08', '11:00:00', '11:00:00', 199, 1),
(71, 34, 32, '2014-05-08', '19:05:00', '19:10:00', 200, 2),
(72, 39, 32, '2014-05-08', '21:10:00', '23:15:00', 200, 3),
(73, 40, 32, '2014-05-09', '03:00:00', '03:00:00', 200, 4),
(74, 37, 33, '2014-05-15', '01:15:00', '01:15:00', 198, 1),
(75, 38, 33, '2014-05-15', '05:10:00', '05:20:00', 198, 2),
(76, 32, 33, '2014-05-15', '10:14:00', '10:45:00', 199, 3),
(77, 33, 33, '2014-05-15', '12:00:00', '12:05:00', 199, 4),
(78, 31, 33, '2014-05-15', '16:00:00', '16:00:00', 200, 5),
(79, 35, 34, '2014-05-22', '15:00:00', '15:00:00', 155, 1),
(80, 34, 34, '2014-05-22', '22:45:00', '22:50:00', 155, 2),
(81, 31, 34, '2014-05-23', '09:00:00', '09:00:00', 155, 3),
(82, 44, 35, '2014-05-19', '10:00:00', '10:00:00', 200, 1),
(83, 40, 35, '2014-05-19', '15:20:00', '15:25:00', 200, 2),
(84, 39, 35, '2014-05-19', '19:20:00', '21:05:00', 200, 3),
(85, 34, 35, '2014-05-19', '23:55:00', '23:59:00', 200, 4),
(86, 32, 35, '2014-05-20', '05:55:00', '05:55:00', 200, 5),
(91, 44, 38, '2014-05-15', '23:00:00', '23:00:00', 100, 1),
(92, 40, 38, '2014-05-16', '04:00:00', '04:00:00', 100, 2),
(93, 40, 39, '2014-05-16', '04:00:00', '04:00:00', 250, 1),
(94, 35, 39, '2014-05-16', '23:00:00', '23:00:00', 250, 2),
(95, 34, 39, '2014-05-17', '08:00:00', '08:00:00', 250, 3),
(96, 49, 40, '2014-05-21', '12:00:00', '12:00:00', 250, 1),
(97, 31, 40, '2014-05-21', '16:00:00', '16:00:00', 250, 2),
(98, 32, 40, '2014-05-21', '23:00:00', '23:00:00', 250, 3),
(99, 31, 41, '2014-05-06', '08:05:00', '08:05:00', 300, 1),
(100, 36, 41, '2014-05-06', '11:15:00', '11:20:00', 300, 2),
(101, 33, 41, '2014-05-06', '12:36:00', '12:40:00', 300, 3),
(102, 32, 41, '2014-05-06', '14:00:00', '14:00:00', 300, 4),
(103, 51, 41, '2014-05-06', '18:00:00', '18:00:00', 300, 5),
(104, 39, 42, '2014-05-12', '14:05:00', '14:05:00', 300, 1),
(105, 34, 42, '2014-05-12', '18:25:00', '18:45:00', 300, 2),
(106, 52, 42, '2014-05-12', '23:30:00', '23:40:00', 300, 3),
(107, 31, 42, '2014-05-13', '09:35:00', '09:35:00', 300, 4),
(108, 45, 43, '2014-05-22', '15:00:00', '15:00:00', 150, 1),
(109, 34, 43, '2014-05-22', '20:30:00', '20:35:00', 150, 2),
(110, 32, 43, '2014-05-23', '05:00:00', '05:00:00', 150, 3),
(111, 31, 44, '2014-05-05', '11:54:00', '11:54:00', 100, 1),
(112, 32, 44, '2014-05-05', '13:00:00', '13:00:00', 99, 2),
(113, 37, 44, '2014-05-05', '23:59:00', '23:59:00', 100, 3),
(114, 54, 45, '2014-05-15', '12:00:00', '12:00:00', 250, 1),
(115, 53, 45, '2014-05-15', '23:45:00', '23:55:00', 250, 2),
(116, 32, 45, '2014-05-16', '04:00:00', '04:05:00', 250, 3),
(117, 33, 45, '2014-05-16', '05:00:00', '05:10:00', 250, 4),
(118, 31, 45, '2014-05-16', '10:20:00', '10:20:00', 250, 5);

-- --------------------------------------------------------

--
-- Структура таблицы `train`
--

CREATE TABLE IF NOT EXISTS `train` (
  `id` int(11) NOT NULL AUTO_INCREMENT,
  `train_number` varchar(10) NOT NULL,
  `count_passengers` int(11) NOT NULL,
  PRIMARY KEY (`id`)
) ENGINE=InnoDB  DEFAULT CHARSET=utf8 AUTO_INCREMENT=46 ;

--
-- Дамп данных таблицы `train`
--

INSERT INTO `train` (`id`, `train_number`, `count_passengers`) VALUES
(31, '50 Sapsan', 200),
(32, '121', 200),
(33, '147', 200),
(34, '49', 155),
(35, '12', 200),
(38, '98', 100),
(39, '42A', 250),
(40, '22', 250),
(41, '541', 300),
(42, '50', 300),
(43, '36L', 150),
(44, '15', 100),
(45, '77', 250);

-- --------------------------------------------------------

--
-- Структура таблицы `user`
--

CREATE TABLE IF NOT EXISTS `user` (
  `id` int(11) NOT NULL AUTO_INCREMENT,
  `role` varchar(20) NOT NULL DEFAULT 'client',
  `login` varchar(50) NOT NULL,
  `password` varchar(50) NOT NULL,
  `surname` varchar(50) NOT NULL,
  `name` varchar(50) NOT NULL,
  `email` varchar(50) NOT NULL,
  `birthday` date NOT NULL,
  PRIMARY KEY (`id`)
) ENGINE=InnoDB  DEFAULT CHARSET=utf8 AUTO_INCREMENT=9 ;

--
-- Дамп данных таблицы `user`
--

INSERT INTO `user` (`id`, `role`, `login`, `password`, `surname`, `name`, `email`, `birthday`) VALUES
(1, 'ROLE_CLIENT', 'vadwind', '123', 'Lyakhovets', 'Vadim', 'vadwind@mail.ru', '1993-07-14'),
(7, 'ROLE_ADMIN', 'admin', '1234', 'Lyakhovets', 'Vadim', 'vadwind@mail.ru', '1993-07-14'),
(8, 'ROLE_CLIENT', 'test', '1234', 'qwert', 'qwer', 'vadwind@mail.ru', '2014-05-01');

/*!40101 SET CHARACTER_SET_CLIENT=@OLD_CHARACTER_SET_CLIENT */;
/*!40101 SET CHARACTER_SET_RESULTS=@OLD_CHARACTER_SET_RESULTS */;
/*!40101 SET COLLATION_CONNECTION=@OLD_COLLATION_CONNECTION */;
